# FSAE course centreline, digitized from endurance_2026.png
# source_md5=877c11e1865936b6f3b34a25eeab6dd8
# grid_px=12.000 grid_ft=25.0 m_per_px=0.63500  (AUTO-CALIBRATED from the sheet)
# length_m=964.0  closed=True  R_min_m=4.50
# slalom_spacings_verified=False
s_m,x_m,y_m,kappa_1perm
0.0000,505.1126,12.7594,0.045849
1.0000,506.1086,12.6713,0.043950
2.0000,507.1075,12.6268,0.041753
3.0000,508.1075,12.6240,0.039333
4.0000,509.1067,12.6603,0.036764
5.0000,510.1040,12.7336,0.034108
6.0000,511.0982,12.8409,0.031422
7.0000,512.0885,12.9792,0.028749
8.0000,513.0745,13.1459,0.026119
9.0000,514.0558,13.3383,0.023555
10.0000,515.0323,13.5538,0.021070
11.0000,516.0040,13.7900,0.018668
12.0000,516.9711,14.0442,0.016350
13.0000,517.9340,14.3141,0.014111
14.0000,518.8929,14.5976,0.011945
15.0000,519.8484,14.8926,0.009841
16.0000,520.8010,15.1969,0.007788
17.0000,521.7512,15.5087,0.005774
18.0000,522.6995,15.8259,0.003785
19.0000,523.6466,16.1467,0.001807
20.0000,524.5932,16.4693,0.000244
21.0000,525.5398,16.7917,0.002174
22.0000,526.4871,17.1120,0.004209
23.0000,527.4358,17.4283,0.006295
24.0000,528.3864,17.7386,0.008448
25.0000,529.3396,18.0409,0.010684
26.0000,530.2960,18.3330,0.013021
27.0000,531.2561,18.6126,0.015474
28.0000,532.2204,18.8773,0.018057
29.0000,533.1893,19.1246,0.020783
30.0000,534.1632,19.3515,0.022713
31.0000,535.1418,19.5575,0.016398
32.0000,536.1235,19.7474,0.009689
33.0000,537.1071,19.9278,0.002881
34.0000,538.0913,20.1054,0.003743
35.0000,539.0747,20.2866,0.009940
36.0000,540.0563,20.4775,0.015508
37.0000,541.0348,20.6835,0.020298
38.0000,542.0090,20.9093,0.027662
39.0000,542.9763,21.1626,0.042068
40.0000,543.9320,21.4565,0.059794
41.0000,544.8682,21.8074,0.083817
42.0000,545.7711,22.2363,0.118317
43.0000,546.6158,22.7700,0.167744
44.0000,547.3588,23.4367,0.222222
45.0000,547.9308,24.2535,0.222222
46.0000,548.2707,25.1912,0.192496
47.0000,548.4248,26.1783,0.108371
48.0000,548.4679,27.1771,0.052466
49.0000,548.4576,28.1771,0.010902
50.0000,548.4361,29.1768,0.027311
51.0000,548.4424,30.1767,0.071763
52.0000,548.5221,31.1731,0.128610
53.0000,548.7208,32.1523,0.132749
54.0000,549.0463,33.0971,0.123467
55.0000,549.4850,33.9951,0.103894
56.0000,550.0143,34.8430,0.080250
57.0000,550.6103,35.6458,0.057545
58.0000,551.2515,36.4131,0.038058
59.0000,551.9217,37.1552,0.022209
60.0000,552.6084,37.8821,0.009601
61.0000,553.3022,38.6023,0.001312
62.0000,553.9951,39.3233,0.010953
63.0000,554.6802,40.0517,0.020800
64.0000,555.3496,40.7946,0.032450
65.0000,555.9946,41.5587,0.047969
66.0000,556.6018,42.3530,0.071007
67.0000,557.1498,43.1891,0.108813
68.0000,557.6009,44.0807,0.176157
69.0000,557.8853,45.0370,0.222222
70.0000,557.8786,46.0313,0.222222
71.0000,557.5158,46.9577,0.222222
72.0000,556.9041,47.7457,0.187679
73.0000,556.1532,48.4045,0.128729
74.0000,555.3222,48.9597,0.095219
75.0000,554.4415,49.4327,0.075855
76.0000,553.5272,49.8371,0.064892
77.0000,552.5883,50.1810,0.059675
78.0000,551.6306,50.4680,0.056785
79.0000,550.6581,50.7003,0.052892
80.0000,549.6746,50.8809,0.048178
81.0000,548.6836,51.0140,0.042897
82.0000,547.6878,51.1045,0.037281
83.0000,546.6893,51.1578,0.031521
84.0000,545.6895,51.1797,0.025750
85.0000,544.6896,51.1757,0.020055
86.0000,543.6899,51.1518,0.014477
87.0000,542.6906,51.1133,0.009028
88.0000,541.6918,51.0658,0.003700
89.0000,540.6931,51.0146,0.001528
90.0000,539.6943,50.9650,0.006680
91.0000,538.6952,50.9219,0.011778
92.0000,537.6957,50.8906,0.016709
93.0000,536.6959,50.8735,0.003044
94.0000,535.6960,50.8594,0.012826
95.0000,534.6964,50.8324,0.030158
96.0000,533.6981,50.7750,0.050197
97.0000,532.7041,50.6673,0.074187
98.0000,531.7211,50.4854,0.102712
99.0000,530.7622,50.2040,0.133989
100.0000,529.8492,49.7982,0.143055
101.0000,529.0028,49.2672,0.125368
102.0000,528.2285,48.6353,0.105629
103.0000,527.5259,47.9242,0.087147
104.0000,526.8877,47.1547,0.071253
105.0000,526.3059,46.3416,0.058090
106.0000,525.7724,45.4959,0.047296
107.0000,525.2796,44.6259,0.038377
108.0000,524.8206,43.7375,0.030429
109.0000,524.3876,42.8362,0.012632
110.0000,523.9662,41.9293,0.005998
111.0000,523.5391,41.0251,0.026489
112.0000,523.0879,40.1327,0.051347
113.0000,522.5913,39.2650,0.083851
114.0000,522.0225,38.4431,0.127648
115.0000,521.3541,37.7007,0.181969
116.0000,520.5626,37.0926,0.222222
117.0000,519.6597,36.6673,0.178894
118.0000,518.6945,36.4098,0.125101
119.0000,517.7040,36.2752,0.083790
120.0000,516.7055,36.2255,0.053796
121.0000,515.7055,36.2300,0.033797
122.0000,514.7062,36.2662,0.063644
123.0000,513.7074,36.3149,0.086052
124.0000,512.7086,36.3639,0.098402
125.0000,511.7097,36.4110,0.099251
126.0000,510.7107,36.4551,0.088498
127.0000,509.7115,36.4952,0.067402
128.0000,508.7121,36.5303,0.038428
129.0000,507.7125,36.5591,0.007390
130.0000,506.7128,36.5806,0.029084
131.0000,505.7128,36.5934,0.059731
132.0000,504.7129,36.5960,0.083396
133.0000,503.7129,36.5869,0.097313
134.0000,502.7132,36.5644,0.099856
135.0000,501.7139,36.5263,0.090728
136.0000,500.7155,36.4705,0.070995
137.0000,499.7184,36.3946,0.042964
138.0000,498.7233,36.2956,0.019987
139.0000,497.7304,36.1771,0.024300
140.0000,496.7387,36.0483,0.055671
141.0000,495.7470,35.9198,0.080535
142.0000,494.7539,35.8026,0.095986
143.0000,493.7585,35.7075,0.100218
144.0000,492.7605,35.6443,0.092736
145.0000,491.7609,35.6215,0.074415
146.0000,490.7610,35.6376,0.047396
147.0000,489.7621,35.6839,0.021996
148.0000,488.7645,35.7523,0.019456
149.0000,487.7680,35.8356,0.051475
150.0000,486.7722,35.9275,0.077477
151.0000,485.7767,36.0220,0.094423
152.0000,484.7809,36.1137,0.100333
153.0000,483.7845,36.1987,0.094516
154.0000,482.7876,36.2769,0.077652
155.0000,481.7901,36.3482,0.051711
156.0000,480.7922,36.4129,0.019726
157.0000,479.7939,36.4711,0.014564
158.0000,478.7953,36.5229,0.047152
159.0000,477.7963,36.5683,0.074229
160.0000,476.7971,36.6076,0.092630
161.0000,475.7976,36.6409,0.100204
162.0000,474.7980,36.6683,0.096066
163.0000,473.7983,36.6899,0.080699
164.0000,472.7984,36.7059,0.055900
165.0000,471.7984,36.7164,0.024567
166.0000,470.7985,36.7216,0.009637
167.0000,469.7985,36.7216,0.042715
168.0000,468.7985,36.7165,0.070800
169.0000,467.7985,36.7066,0.090610
170.0000,466.7986,36.6920,0.099829
171.0000,465.7988,36.6728,0.097380
172.0000,464.7991,36.6492,0.083549
173.0000,463.7995,36.6213,0.059952
174.0000,462.8000,36.5893,0.029348
175.0000,461.8006,36.5534,0.004686
176.0000,460.8014,36.5136,0.038173
177.0000,459.8024,36.4702,0.067198
178.0000,458.8035,36.4232,0.088368
179.0000,457.8047,36.3729,0.099210
180.0000,456.8062,36.3194,0.098456
181.0000,455.8078,36.2631,0.000323
182.0000,454.8094,36.2064,0.003255
183.0000,453.8108,36.1530,0.006851
184.0000,452.8119,36.1064,0.010543
185.0000,451.8126,36.0703,0.014407
186.0000,450.8128,36.0488,0.018527
187.0000,449.8128,36.0458,0.022982
188.0000,448.8130,36.0658,0.027858
189.0000,447.8142,36.1136,0.033235
190.0000,446.8176,36.1947,0.039181
191.0000,445.8249,36.3148,0.045737
192.0000,444.8388,36.4800,0.052883
193.0000,443.8628,36.6973,0.060505
194.0000,442.9019,36.9735,0.068337
195.0000,441.9620,37.3144,0.073038
196.0000,441.0488,37.7214,0.065516
197.0000,440.1644,38.1877,0.057042
198.0000,439.3079,38.7037,0.048231
199.0000,438.4772,39.2602,0.039502
200.0000,437.6690,39.8490,0.031089
201.0000,436.8797,40.4630,0.023089
202.0000,436.1048,41.0950,0.015489
203.0000,435.3397,41.7389,0.008224
204.0000,434.5799,42.3891,0.001199
205.0000,433.8209,43.0402,0.005689
206.0000,433.0583,43.6870,0.012542
207.0000,432.2876,44.3242,0.019445
208.0000,431.5046,44.9463,0.026457
209.0000,430.7055,45.5473,0.033591
210.0000,429.8866,46.1212,0.040797
211.0000,429.0450,46.6611,0.047944
212.0000,428.1786,47.1602,0.052629
213.0000,427.2874,47.6136,0.051516
214.0000,426.3740,48.0204,0.050549
215.0000,425.4413,48.3806,0.049743
216.0000,424.4918,48.6940,0.049105
217.0000,423.5280,48.9603,0.048642
218.0000,422.5523,49.1793,0.048355
219.0000,421.5673,49.3509,0.048244
220.0000,420.5751,49.4748,0.048307
221.0000,419.5781,49.5506,0.048540
222.0000,418.5786,49.5780,0.048939
223.0000,417.5789,49.5564,0.049493
224.0000,416.5815,49.4854,0.050194
225.0000,415.5890,49.3645,0.051026
226.0000,414.6039,49.1931,0.051970
227.0000,413.6289,48.9715,0.041556
228.0000,412.6638,48.7097,0.023619
229.0000,411.7051,48.4253,0.005726
230.0000,410.7481,48.1352,0.012606
231.0000,409.7875,47.8575,0.032008
232.0000,408.8185,47.6108,0.052981
233.0000,407.8378,47.4160,0.075460
234.0000,406.8455,47.2955,0.095205
235.0000,405.8463,47.2649,0.078645
236.0000,404.8476,47.3135,0.059978
237.0000,403.8536,47.4216,0.041931
238.0000,402.8649,47.5714,0.025000
239.0000,401.8803,47.7458,0.009080
240.0000,400.8973,47.9294,0.006204
241.0000,399.9132,48.1069,0.020622
242.0000,398.9258,48.2654,0.025213
243.0000,397.9348,48.3990,0.030024
244.0000,396.9403,48.5027,0.035097
245.0000,395.9427,48.5715,0.040443
246.0000,394.9432,48.5999,0.046033
247.0000,393.9435,48.5824,0.051783
248.0000,392.9460,48.5132,0.057534
249.0000,391.9542,48.3867,0.052971
250.0000,390.9702,48.2089,0.034156
251.0000,389.9928,47.9977,0.015554
252.0000,389.0188,47.7712,0.002984
253.0000,388.0442,47.5473,0.020614
254.0000,387.0652,47.3435,0.038316
255.0000,386.0792,47.1774,0.055516
256.0000,385.0856,47.0659,0.061346
257.0000,384.0870,47.0145,0.051607
258.0000,383.0871,47.0146,0.042397
259.0000,382.0881,47.0572,0.033852
260.0000,381.0911,47.1336,0.025958
261.0000,380.0964,47.2359,0.018618
262.0000,379.1037,47.3567,0.011688
263.0000,378.1125,47.4892,0.005006
264.0000,377.1220,47.6266,0.001603
265.0000,376.1313,47.7625,0.008313
266.0000,375.1394,47.8901,0.015316
267.0000,374.1458,48.0024,0.022800
268.0000,373.1498,48.0920,0.030948
269.0000,372.1516,48.1507,0.039924
270.0000,371.1519,48.1695,0.049825
271.0000,370.1525,48.1389,0.053723
272.0000,369.1562,48.0545,0.052498
273.0000,368.1656,47.9181,0.050631
274.0000,367.1832,47.7319,0.048214
275.0000,366.2109,47.4989,0.045359
276.0000,365.2502,47.2216,0.042184
277.0000,364.3020,46.9041,0.038809
278.0000,363.3667,46.5503,0.035334
279.0000,362.4445,46.1636,0.031840
280.0000,361.5352,45.7476,0.028387
281.0000,360.6381,45.3060,0.025015
282.0000,359.7522,44.8421,0.021747
283.0000,358.8766,44.3591,0.018595
284.0000,358.0101,43.8599,0.015557
285.0000,357.1516,43.3472,0.012628
286.0000,356.2996,42.8237,0.009795
287.0000,355.4527,42.2919,0.007041
288.0000,354.6096,41.7541,0.004350
289.0000,353.7689,41.2126,0.001700
290.0000,352.9291,40.6698,0.000926
291.0000,352.0887,40.1277,0.003550
292.0000,351.2465,39.5886,0.006190
293.0000,350.4009,39.0547,0.008865
294.0000,349.5507,38.5283,0.011593
295.0000,348.6944,38.0118,0.014387
296.0000,347.8308,37.5078,0.017261
297.0000,346.9585,37.0187,0.020220
298.0000,346.0766,36.5474,0.023267
299.0000,345.1839,36.0968,0.026392
300.0000,344.2797,35.6698,0.029579
301.0000,343.3633,35.2697,0.032797
302.0000,342.4342,34.8999,0.035959
303.0000,341.4926,34.5635,0.036592
304.0000,340.5392,34.2617,0.037277
305.0000,339.5754,33.9956,0.038102
306.0000,338.6021,33.7663,0.039066
307.0000,337.6205,33.5755,0.040170
308.0000,336.6321,33.4242,0.041410
309.0000,335.6383,33.3139,0.042782
310.0000,334.6407,33.2461,0.044278
311.0000,333.6410,33.2228,0.045885
312.0000,332.6414,33.2452,0.047582
313.0000,331.6439,33.3151,0.049343
314.0000,330.6512,33.4343,0.051134
315.0000,329.6657,33.6037,0.052909
316.0000,328.6908,33.8255,0.054614
317.0000,327.7293,34.0999,0.056189
318.0000,326.7845,34.4271,0.052453
319.0000,325.8582,34.8035,0.047885
320.0000,324.9508,35.2236,0.043155
321.0000,324.0625,35.6827,0.038433
322.0000,323.1924,36.1756,0.033840
323.0000,322.3395,36.6975,0.029452
324.0000,321.5023,37.2443,0.025308
325.0000,320.6793,37.8123,0.021422
326.0000,319.8686,38.3978,0.017789
327.0000,319.0685,38.9976,0.014390
328.0000,318.2771,39.6089,0.011204
329.0000,317.4926,40.2290,0.008205
330.0000,316.7132,40.8555,0.005365
331.0000,315.9372,41.4863,0.002660
332.0000,315.1628,42.1190,0.000189
333.0000,314.3886,42.7519,0.002445
334.0000,313.6127,43.3829,0.004887
335.0000,312.8338,44.0100,0.007267
336.0000,312.0504,44.6315,0.009637
337.0000,311.2610,45.2454,0.012078
338.0000,310.4643,45.8497,0.014640
339.0000,309.6588,46.4423,0.017372
340.0000,308.8432,47.0208,0.020327
341.0000,308.0158,47.5825,0.023565
342.0000,307.1755,48.1246,0.027145
343.0000,306.3208,48.6436,0.031129
344.0000,305.4504,49.1357,0.035584
345.0000,304.5630,49.5966,0.040566
346.0000,303.6576,50.0211,0.046118
347.0000,302.7335,50.4030,0.052246
348.0000,301.7908,50.7363,0.058885
349.0000,300.8303,51.0137,0.065870
350.0000,299.8535,51.2270,0.072895
351.0000,298.8638,51.3686,0.079488
352.0000,297.8661,51.4318,0.080192
353.0000,296.8665,51.4149,0.071995
354.0000,295.8706,51.3268,0.063184
355.0000,294.8823,51.1754,0.054398
356.0000,293.9036,50.9707,0.046030
357.0000,292.9353,50.7213,0.038267
358.0000,291.9773,50.4347,0.031161
359.0000,291.0286,50.1184,0.024664
360.0000,290.0881,49.7788,0.018689
361.0000,289.1541,49.4216,0.013129
362.0000,288.2248,49.0523,0.007867
363.0000,287.2985,48.6755,0.002790
364.0000,286.3732,48.2962,0.002217
365.0000,285.4471,47.9190,0.007266
366.0000,284.5183,47.5485,0.012330
367.0000,283.5852,47.1888,0.013016
368.0000,282.6475,46.8414,0.013485
369.0000,281.7052,46.5066,0.013945
370.0000,280.7583,46.1850,0.014392
371.0000,279.8069,45.8771,0.014825
372.0000,278.8511,45.5833,0.015239
373.0000,277.8908,45.3041,0.015633
374.0000,276.9264,45.0399,0.016002
375.0000,275.9578,44.7912,0.016344
376.0000,274.9853,44.5584,0.016655
377.0000,274.0091,44.3418,0.016934
378.0000,273.0293,44.1417,0.017177
379.0000,272.0462,43.9585,0.017384
380.0000,271.0601,43.7924,0.017551
381.0000,270.0713,43.6437,0.033797
382.0000,269.0799,43.5125,0.063644
383.0000,268.0864,43.3988,0.086052
384.0000,267.0911,43.3029,0.098402
385.0000,266.0941,43.2247,0.099251
386.0000,265.0960,43.1642,0.088498
387.0000,264.0969,43.1214,0.067402
388.0000,263.0972,43.0962,0.038428
389.0000,262.0973,43.0885,0.017261
390.0000,261.0973,43.0980,0.029084
391.0000,260.0977,43.1245,0.059731
392.0000,259.0987,43.1679,0.083396
393.0000,258.1005,43.2277,0.097313
394.0000,257.1034,43.3038,0.099856
395.0000,256.1076,43.3958,0.090728
396.0000,255.1134,43.5033,0.070995
397.0000,254.1210,43.6263,0.042964
398.0000,253.1307,43.7653,0.017440
399.0000,252.1431,43.9218,0.024300
400.0000,251.1586,44.0971,0.055671
401.0000,250.1781,44.2935,0.080535
402.0000,249.2027,44.5138,0.095986
403.0000,248.2341,44.7621,0.100218
404.0000,247.2744,45.0429,0.092736
405.0000,246.3218,45.3474,0.074415
406.0000,245.3689,45.6504,0.047396
407.0000,244.4055,45.9182,0.081528
408.0000,243.4238,46.1057,0.135218
409.0000,242.4264,46.1598,0.180922
410.0000,241.4355,46.0373,0.165936
411.0000,240.4760,45.7578,0.094423
412.0000,239.5418,45.4012,0.100333
413.0000,238.6141,45.0279,0.094516
414.0000,237.6738,44.6880,0.091944
415.0000,236.7064,44.4375,0.160089
416.0000,235.7125,44.3447,0.222222
417.0000,234.7211,44.4615,0.159009
418.0000,233.7599,44.7351,0.087288
419.0000,232.8265,45.0933,0.074229
420.0000,231.9043,45.4802,0.092630
421.0000,230.9740,45.8466,0.100204
422.0000,230.0171,46.1347,0.163146
423.0000,229.0272,46.2619,0.222222
424.0000,228.0332,46.1718,0.169560
425.0000,227.0674,45.9155,0.100432
426.0000,226.1321,45.5624,0.043972
427.0000,225.2133,45.1676,0.042715
428.0000,224.2946,44.7728,0.070800
429.0000,223.3619,44.4126,0.090610
430.0000,222.4061,44.1196,0.099829
431.0000,221.4297,43.9048,0.097380
432.0000,220.4418,43.7499,0.083549
433.0000,219.4484,43.6363,0.059952
434.0000,218.4524,43.5472,0.029348
435.0000,217.4555,43.4677,0.004767
436.0000,216.4591,43.3833,0.038173
437.0000,215.4643,43.2813,0.067198
438.0000,214.4718,43.1598,0.088368
439.0000,213.4810,43.0240,0.099210
440.0000,212.4915,42.8795,0.098456
441.0000,211.5025,42.7319,0.002817
442.0000,210.5130,42.5872,0.008934
443.0000,209.5223,42.4513,0.015345
444.0000,208.5296,42.3307,0.022104
445.0000,207.5345,42.2320,0.029243
446.0000,206.5370,42.1625,0.036748
447.0000,205.5376,42.1299,0.044522
448.0000,204.5378,42.1418,0.052362
449.0000,203.5399,42.2057,0.059928
450.0000,202.5478,42.3293,0.066738
451.0000,201.5661,42.5186,0.065041
452.0000,200.5986,42.7708,0.055107
453.0000,199.6463,43.0758,0.045611
454.0000,198.7090,43.4240,0.036763
455.0000,197.7851,43.8065,0.028595
456.0000,196.8725,44.2154,0.021033
457.0000,195.9688,44.6434,0.013940
458.0000,195.0711,45.0840,0.007157
459.0000,194.1766,45.5311,0.000732
460.0000,193.2823,45.9785,0.006172
461.0000,192.3852,46.4205,0.013081
462.0000,191.4825,46.8506,0.020401
463.0000,190.5711,47.2621,0.028320
464.0000,189.6484,47.6476,0.037007
465.0000,188.7122,47.9986,0.046579
466.0000,187.7606,48.3058,0.057044
467.0000,186.7931,48.5580,0.063187
468.0000,185.8117,48.7491,0.061961
469.0000,184.8204,48.8795,0.059938
470.0000,183.8231,48.9498,0.057245
471.0000,182.8233,48.9633,0.054059
472.0000,181.8242,48.9228,0.050547
473.0000,180.8285,48.8317,0.046867
474.0000,179.8381,48.6943,0.043150
475.0000,178.8545,48.5141,0.039493
476.0000,177.8789,48.2951,0.035966
477.0000,176.9116,48.0414,0.032609
478.0000,175.9532,47.7562,0.029443
479.0000,175.0036,47.4429,0.026475
480.0000,174.0626,47.1044,0.023700
481.0000,173.1299,46.7438,0.019580
482.0000,172.2044,46.3652,0.013122
483.0000,171.2839,45.9745,0.006914
484.0000,170.3661,45.5774,0.000792
485.0000,169.4487,45.1796,0.005416
486.0000,168.5291,44.7867,0.011893
487.0000,167.6049,44.4048,0.018832
488.0000,166.6736,44.0406,0.026451
489.0000,165.7330,43.7012,0.034963
490.0000,164.7811,43.3948,0.044561
491.0000,163.8166,43.1313,0.055380
492.0000,162.8390,42.9219,0.067372
493.0000,161.8495,42.7785,0.080134
494.0000,160.8519,42.7149,0.092731
495.0000,159.8527,42.7441,0.103585
496.0000,158.8619,42.8756,0.109522
497.0000,157.8907,43.1118,0.091384
498.0000,156.9448,43.4354,0.073936
499.0000,156.0255,43.8284,0.058457
500.0000,155.1306,44.2744,0.045184
501.0000,154.2568,44.7605,0.033896
502.0000,153.4001,45.2763,0.024208
503.0000,152.5561,45.8127,0.015697
504.0000,151.7208,46.3624,0.007994
505.0000,150.8898,46.9187,0.000865
506.0000,150.0593,47.4757,0.006255
507.0000,149.2253,48.0275,0.013361
508.0000,148.3840,48.5680,0.020798
509.0000,147.5316,49.0909,0.028818
510.0000,146.6645,49.5890,0.037658
511.0000,145.7793,50.0540,0.047523
512.0000,144.8731,50.4764,0.058522
513.0000,143.9435,50.8447,0.069987
514.0000,142.9911,51.1487,0.070227
515.0000,142.0197,51.3854,0.069885
516.0000,141.0343,51.5541,0.069018
517.0000,140.0394,51.6536,0.067706
518.0000,139.0402,51.6861,0.066060
519.0000,138.0409,51.6529,0.064184
520.0000,137.0459,51.5550,0.062181
521.0000,136.0588,51.3958,0.060142
522.0000,135.0830,51.1778,0.058140
523.0000,134.1217,50.9029,0.056236
524.0000,133.1772,50.5747,0.054471
525.0000,132.2519,50.1957,0.052874
526.0000,131.3481,49.7681,0.051467
527.0000,130.4675,49.2945,0.050258
528.0000,129.6118,48.7773,0.049253
529.0000,128.7825,48.2187,0.048452
530.0000,127.9812,47.6206,0.047852
531.0000,127.2095,46.9848,0.047450
532.0000,126.4689,46.3129,0.047240
533.0000,125.7609,45.6068,0.047214
534.0000,125.0870,44.8682,0.047363
535.0000,124.4488,44.0985,0.047678
536.0000,123.8479,43.2992,0.048146
537.0000,123.2863,42.4720,0.048756
538.0000,122.7656,41.6184,0.049490
539.0000,122.2877,40.7400,0.050328
540.0000,121.8548,39.8387,0.051246
541.0000,121.4687,38.9164,0.052216
542.0000,121.1312,37.9752,0.053203
543.0000,120.8442,37.0174,0.054170
544.0000,120.6095,36.0455,0.054273
545.0000,120.4275,35.0623,0.051112
546.0000,120.2959,34.0711,0.048107
547.0000,120.2122,33.0747,0.045308
548.0000,120.1737,32.0755,0.042745
549.0000,120.1779,31.0756,0.040433
550.0000,120.2226,30.0767,0.038376
551.0000,120.3056,29.0802,0.036575
552.0000,120.4249,28.0874,0.035024
553.0000,120.5790,27.0994,0.033720
554.0000,120.7663,26.1172,0.032661
555.0000,120.9857,25.1416,0.031847
556.0000,121.2361,24.1735,0.031283
557.0000,121.5166,23.2136,0.030979
558.0000,121.8267,22.2630,0.030958
559.0000,122.1664,21.3225,0.037618
560.0000,122.5421,20.3958,0.056608
561.0000,122.9700,19.4923,0.083684
562.0000,123.4727,18.6284,0.124977
563.0000,124.0802,17.8353,0.188555
564.0000,124.8263,17.1729,0.222222
565.0000,125.7197,16.7327,0.222222
566.0000,126.7056,16.5920,0.222222
567.0000,127.6968,16.7107,0.153717
568.0000,128.6581,16.9840,0.093903
569.0000,129.5890,17.3485,0.060554
570.0000,130.4957,17.7700,0.039927
571.0000,131.3849,18.2274,0.025518
572.0000,132.2620,18.7077,0.014163
573.0000,133.1322,19.2004,0.003764
574.0000,134.0006,19.6963,0.007532
575.0000,134.8729,20.1852,0.024008
576.0000,135.7569,20.6526,0.046706
577.0000,136.6620,21.0775,0.078402
578.0000,137.5975,21.4293,0.122652
579.0000,138.5689,21.6627,0.178655
580.0000,139.5653,21.7205,0.222222
581.0000,140.5493,21.5556,0.222222
582.0000,141.4689,21.1679,0.178588
583.0000,142.3069,20.6239,0.104657
584.0000,143.0823,19.9929,0.061887
585.0000,143.8168,19.3145,0.034580
586.0000,144.5266,18.6101,0.014766
587.0000,145.2260,17.8954,0.002590
588.0000,145.9270,17.1823,0.019435
589.0000,146.6419,16.4830,0.040084
590.0000,147.3846,15.8137,0.068947
591.0000,148.1721,15.1979,0.114373
592.0000,149.0257,14.6788,0.179614
593.0000,149.9555,14.3154,0.203137
594.0000,150.9392,14.1457,0.199967
595.0000,151.9372,14.1721,0.171309
596.0000,152.9169,14.3674,0.133269
597.0000,153.8621,14.6922,0.098537
598.0000,154.7710,15.1085,0.070816
599.0000,155.6477,15.5892,0.049501
600.0000,156.4996,16.1128,0.032773
601.0000,157.3338,16.6642,0.019054
602.0000,158.1573,17.2315,0.007090
603.0000,158.9767,17.8047,0.004120
604.0000,159.7984,18.3746,0.015446
605.0000,160.6289,18.9316,0.027761
606.0000,161.4746,19.4652,0.042010
607.0000,162.3420,19.9626,0.059286
608.0000,163.2370,20.4082,0.068196
609.0000,164.1603,20.7917,0.072407
610.0000,165.1088,21.1079,0.075864
611.0000,166.0785,21.3511,0.078243
612.0000,167.0641,21.5180,0.079305
613.0000,168.0600,21.6062,0.078924
614.0000,169.0597,21.6163,0.077159
615.0000,170.0571,21.5486,0.074182
616.0000,171.0470,21.4080,0.070307
617.0000,172.0243,21.1975,0.065845
618.0000,172.9859,20.9237,0.061108
619.0000,173.9290,20.5915,0.056339
620.0000,174.8518,20.2066,0.051720
621.0000,175.7535,19.7745,0.047363
622.0000,176.6338,19.3003,0.043331
623.0000,177.4931,18.7889,0.029450
624.0000,178.3370,18.2524,0.009835
625.0000,179.1755,17.7075,0.008675
626.0000,180.0188,17.1701,0.028494
627.0000,180.8771,16.6572,0.052324
628.0000,181.7613,16.1904,0.083664
629.0000,182.6813,15.7997,0.126620
630.0000,183.6433,15.5306,0.182572
631.0000,184.6372,15.4390,0.222222
632.0000,185.6258,15.5752,0.190996
633.0000,186.5721,15.8951,0.125473
634.0000,187.4704,16.3335,0.076173
635.0000,188.3327,16.8397,0.039825
636.0000,189.1740,17.3802,0.010487
637.0000,190.0095,17.9297,0.016957
638.0000,190.8542,18.4647,0.047182
639.0000,191.7235,18.9586,0.085395
640.0000,192.6300,19.3799,0.094202
641.0000,193.5719,19.7146,0.090305
642.0000,194.5402,19.9630,0.081318
643.0000,195.5255,20.1327,0.068722
644.0000,196.5202,20.2341,0.054337
645.0000,197.5189,20.2817,0.039729
646.0000,198.5189,20.2892,0.025877
647.0000,199.5187,20.2708,0.016086
648.0000,200.5181,20.2360,0.011130
649.0000,201.5170,20.1900,0.006737
650.0000,202.5156,20.1373,0.002680
651.0000,203.5141,20.0819,0.001225
652.0000,204.5126,20.0277,0.005143
653.0000,205.5114,19.9786,0.009242
654.0000,206.5106,19.9388,0.012809
655.0000,207.5102,19.9111,0.010989
656.0000,208.5101,19.8944,0.008891
657.0000,209.5100,19.8867,0.006618
658.0000,210.5100,19.8854,0.004198
659.0000,211.5100,19.8884,0.001664
660.0000,212.5100,19.8931,0.000949
661.0000,213.5100,19.8967,0.003599
662.0000,214.5100,19.8968,0.006243
663.0000,215.5100,19.8907,0.008838
664.0000,216.5099,19.8757,0.011339
665.0000,217.5095,19.8494,0.013701
666.0000,218.5087,19.8094,0.015885
667.0000,219.5071,19.7536,0.017854
668.0000,220.5044,19.6800,0.019184
669.0000,221.5001,19.5877,0.016762
670.0000,222.4942,19.4788,0.014515
671.0000,223.4865,19.3555,0.012424
672.0000,224.4773,19.2198,0.010469
673.0000,225.4665,19.0738,0.008632
674.0000,226.4545,18.9192,0.006895
675.0000,227.4414,18.7578,0.005243
676.0000,228.4274,18.5912,0.003660
677.0000,229.4129,18.4210,0.002132
678.0000,230.3979,18.2487,0.000646
679.0000,231.3828,18.0758,0.000809
680.0000,232.3679,17.9037,0.002246
681.0000,233.3534,17.7338,0.003675
682.0000,234.3394,17.5675,0.005107
683.0000,235.3263,17.4062,0.006550
684.0000,236.3143,17.2514,0.008016
685.0000,237.3034,17.1045,0.009512
686.0000,238.2939,16.9671,0.011048
687.0000,239.2859,16.8406,0.012632
688.0000,240.2794,16.7267,0.014272
689.0000,241.2744,16.6269,0.015974
690.0000,242.2709,16.5431,0.017744
691.0000,243.2687,16.4770,0.033797
692.0000,244.2676,16.4304,0.063644
693.0000,245.2672,16.4053,0.086052
694.0000,246.2672,16.4037,0.098402
695.0000,247.2669,16.4277,0.099251
696.0000,248.2655,16.4793,0.088498
697.0000,249.2621,16.5606,0.067402
698.0000,250.2557,16.6737,0.038428
699.0000,251.2449,16.8197,0.033283
700.0000,252.2288,16.9984,0.033589
701.0000,253.2060,17.2101,0.059731
702.0000,254.1756,17.4548,0.083396
703.0000,255.1362,17.7325,0.097313
704.0000,256.0867,18.0432,0.099856
705.0000,257.0256,18.3871,0.090728
706.0000,257.9518,18.7640,0.070995
707.0000,258.8640,19.1736,0.042964
708.0000,259.7608,19.6159,0.036491
709.0000,260.6410,20.0904,0.036868
710.0000,261.5029,20.5974,0.055671
711.0000,262.3453,21.1360,0.080535
712.0000,263.1670,21.7059,0.095986
713.0000,263.9666,22.3064,0.100218
714.0000,264.7427,22.9368,0.092736
715.0000,265.5002,23.5896,0.074415
716.0000,266.2521,24.2490,0.047396
717.0000,267.0116,24.8994,0.031874
718.0000,267.7914,25.5253,0.050838
719.0000,268.6018,26.1110,0.067922
720.0000,269.4498,26.6405,0.081748
721.0000,270.3381,27.0991,0.090805
722.0000,271.2642,27.4754,0.090086
723.0000,272.2200,27.7681,0.079784
724.0000,273.1962,27.9839,0.074827
725.0000,274.1860,28.1245,0.074130
726.0000,275.1835,28.1925,0.077263
727.0000,276.1831,28.1816,0.084792
728.0000,277.1782,28.0864,0.097829
729.0000,278.1591,27.8942,0.118563
730.0000,279.1105,27.5884,0.126321
731.0000,280.0158,27.1653,0.121806
732.0000,280.8635,26.6359,0.110208
733.0000,281.6482,26.0168,0.094272
734.0000,282.3715,25.3268,0.076853
735.0000,283.0398,24.5831,0.059832
736.0000,283.6623,23.8006,0.043997
737.0000,284.2495,22.9913,0.029371
738.0000,284.8128,22.1651,0.015548
739.0000,285.3632,21.3302,0.002148
740.0000,285.9121,20.4943,0.012305
741.0000,286.4713,19.6652,0.027996
742.0000,287.0535,18.8523,0.046196
743.0000,287.6730,18.0674,0.068019
744.0000,288.3444,17.3268,0.094087
745.0000,289.0826,16.6530,0.123374
746.0000,289.8972,16.0742,0.135407
747.0000,290.7820,15.6098,0.121331
748.0000,291.7166,15.2556,0.103614
749.0000,292.6827,14.9993,0.085732
750.0000,293.6676,14.8276,0.069610
751.0000,294.6621,14.7244,0.055818
752.0000,295.6609,14.6770,0.044279
753.0000,296.6608,14.6744,0.034650
754.0000,297.6603,14.7064,0.026510
755.0000,298.6585,14.7649,0.019491
756.0000,299.6555,14.8430,0.013277
757.0000,300.6513,14.9344,0.007605
758.0000,301.6464,15.0333,0.002241
759.0000,302.6412,15.1345,0.003021
760.0000,303.6364,15.2327,0.007622
761.0000,304.6322,15.3239,0.007305
762.0000,305.6287,15.4079,0.006972
763.0000,306.6257,15.4849,0.006625
764.0000,307.6232,15.5553,0.006263
765.0000,308.6212,15.6194,0.005887
766.0000,309.6195,15.6777,0.005498
767.0000,310.6181,15.7305,0.005095
768.0000,311.6169,15.7782,0.004680
769.0000,312.6160,15.8212,0.004252
770.0000,313.6153,15.8600,0.003812
771.0000,314.6147,15.8950,0.003361
772.0000,315.6142,15.9266,0.002899
773.0000,316.6137,15.9553,0.002426
774.0000,317.6134,15.9816,0.001943
775.0000,318.6131,16.0060,0.001451
776.0000,319.6128,16.0289,0.000950
777.0000,320.6126,16.0508,0.000441
778.0000,321.6124,16.0723,0.000077
779.0000,322.6121,16.0939,0.000600
780.0000,323.6119,16.1161,0.001131
781.0000,324.6116,16.1394,0.001667
782.0000,325.6113,16.1644,0.002208
783.0000,326.6109,16.1916,0.002754
784.0000,327.6105,16.2216,0.003303
785.0000,328.6099,16.2548,0.003855
786.0000,329.6092,16.2919,0.004408
787.0000,330.6084,16.3334,0.004961
788.0000,331.6073,16.3799,0.005514
789.0000,332.6059,16.4317,0.003938
790.0000,333.6044,16.4874,0.000717
791.0000,334.6028,16.5439,0.033797
792.0000,335.6013,16.5978,0.063644
793.0000,336.6002,16.6459,0.086052
794.0000,337.5994,16.6848,0.098402
795.0000,338.5991,16.7111,0.099251
796.0000,339.5990,16.7214,0.088498
797.0000,340.5989,16.7130,0.067402
798.0000,341.5987,16.6903,0.038428
799.0000,342.5983,16.6621,0.004962
800.0000,343.5980,16.6370,0.029084
801.0000,344.5979,16.6244,0.059731
802.0000,345.5978,16.6339,0.083396
803.0000,346.5969,16.6754,0.097313
804.0000,347.5933,16.7589,0.099856
805.0000,348.5859,16.8800,0.090728
806.0000,349.5747,17.0291,0.070995
807.0000,350.5609,17.1948,0.042964
808.0000,351.5460,17.3666,0.009912
809.0000,352.5319,17.5339,0.024300
810.0000,353.5201,17.6868,0.055671
811.0000,354.5117,17.8157,0.080535
812.0000,355.5067,17.9158,0.095986
813.0000,356.5038,17.9914,0.100218
814.0000,357.5022,18.0475,0.092736
815.0000,358.5013,18.0890,0.074415
816.0000,359.5009,18.1205,0.047396
817.0000,360.5005,18.1462,0.014837
818.0000,361.5002,18.1702,0.019456
819.0000,362.4999,18.1955,0.051475
820.0000,363.4995,18.2224,0.077477
821.0000,364.4991,18.2507,0.094423
822.0000,365.4987,18.2802,0.100333
823.0000,366.4983,18.3106,0.094516
824.0000,367.4978,18.3418,0.077652
825.0000,368.4973,18.3736,0.051711
826.0000,369.4967,18.4057,0.019726
827.0000,370.4962,18.4379,0.014564
828.0000,371.4957,18.4701,0.047152
829.0000,372.4952,18.5020,0.074229
830.0000,373.4947,18.5335,0.092630
831.0000,374.4942,18.5642,0.100204
832.0000,375.4938,18.5942,0.096066
833.0000,376.4934,18.6230,0.080699
834.0000,377.4930,18.6505,0.055900
835.0000,378.4926,18.6766,0.024567
836.0000,379.4923,18.7010,0.009637
837.0000,380.4921,18.7235,0.042715
838.0000,381.4919,18.7438,0.070800
839.0000,382.4917,18.7619,0.090610
840.0000,383.4916,18.7774,0.099829
841.0000,384.4915,18.7903,0.097380
842.0000,385.4915,18.8001,0.083549
843.0000,386.4914,18.8069,0.059952
844.0000,387.4914,18.8102,0.029348
845.0000,388.4914,18.8100,0.004686
846.0000,389.4914,18.8060,0.038173
847.0000,390.4914,18.7981,0.067198
848.0000,391.4913,18.7863,0.088368
849.0000,392.4912,18.7711,0.099210
850.0000,393.4910,18.7529,0.098456
851.0000,394.4908,18.7319,0.086194
852.0000,395.4906,18.7086,0.063857
853.0000,396.4902,18.6832,0.034057
854.0000,397.4899,18.6561,0.001312
855.0000,398.4895,18.6278,0.033538
856.0000,399.4890,18.5985,0.063431
857.0000,400.4886,18.5685,0.085910
858.0000,401.4881,18.5384,0.098348
859.0000,402.4877,18.5083,0.099291
860.0000,403.4872,18.4787,0.088628
861.0000,404.4868,18.4499,0.067606
862.0000,405.4864,18.4223,0.038682
863.0000,406.4861,18.3961,0.005237
864.0000,407.4858,18.3717,0.028820
865.0000,408.4856,18.3496,0.059509
866.0000,409.4854,18.3299,0.083242
867.0000,410.4852,18.3130,0.097246
868.0000,411.4851,18.2992,0.099883
869.0000,412.4851,18.2888,0.090845
870.0000,413.4850,18.2822,0.071190
871.0000,414.4850,18.2796,0.043213
872.0000,415.4850,18.2813,0.010186
873.0000,416.4850,18.2876,0.024032
874.0000,417.4850,18.2987,0.055441
875.0000,418.4848,18.3150,0.080370
876.0000,419.4846,18.3366,0.095905
877.0000,420.4842,18.3633,0.100230
878.0000,421.4838,18.3941,0.092841
879.0000,422.4832,18.4283,0.074599
880.0000,423.4825,18.4650,0.047639
881.0000,424.4818,18.5034,0.000935
882.0000,425.4810,18.5428,0.000152
883.0000,426.4802,18.5823,0.000624
884.0000,427.4794,18.6212,0.001398
885.0000,428.4787,18.6587,0.002171
886.0000,429.4781,18.6940,0.002947
887.0000,430.4776,18.7264,0.003727
888.0000,431.4772,18.7551,0.004516
889.0000,432.4769,18.7792,0.005314
890.0000,433.4767,18.7980,0.006125
891.0000,434.4766,18.8107,0.006952
892.0000,435.4766,18.8165,0.007796
893.0000,436.4766,18.8144,0.008660
894.0000,437.4765,18.8038,0.009547
895.0000,438.4763,18.7835,0.010457
896.0000,439.4759,18.7527,0.011394
897.0000,440.4750,18.7106,0.012358
898.0000,441.4735,18.6562,0.013351
899.0000,442.4712,18.5884,0.014373
900.0000,443.4678,18.5063,0.015425
901.0000,444.4630,18.4088,0.016507
902.0000,445.4565,18.2949,0.017618
903.0000,446.4478,18.1636,0.018755
904.0000,447.4365,18.0136,0.019916
905.0000,448.4221,17.8446,0.015915
906.0000,449.4049,17.6599,0.010633
907.0000,450.3857,17.4648,0.005236
908.0000,451.3654,17.2646,0.000634
909.0000,452.3452,17.0647,0.006052
910.0000,453.3262,16.8708,0.012040
911.0000,454.3095,16.6887,0.018320
912.0000,455.2959,16.5246,0.024924
913.0000,456.2861,16.3853,0.031854
914.0000,457.2803,16.2776,0.039050
915.0000,458.2778,16.2088,0.046374
916.0000,459.2774,16.1860,0.053585
917.0000,460.2768,16.2173,0.060314
918.0000,461.2725,16.3085,0.066113
919.0000,462.2600,16.4649,0.067262
920.0000,463.2350,16.6860,0.055725
921.0000,464.1962,16.9614,0.045055
922.0000,465.1441,17.2799,0.035353
923.0000,466.0801,17.6317,0.026532
924.0000,467.0065,18.0082,0.018411
925.0000,467.9258,18.4018,0.010765
926.0000,468.8408,18.8052,0.003354
927.0000,469.7545,19.2117,0.004076
928.0000,470.6698,19.6145,0.011793
929.0000,471.5897,20.0064,0.020085
930.0000,472.5174,20.3797,0.029264
931.0000,473.4556,20.7257,0.039655
932.0000,474.4068,21.0340,0.051573
933.0000,475.3727,21.2925,0.065195
934.0000,476.3532,21.4879,0.080347
935.0000,477.3460,21.6052,0.080454
936.0000,478.3450,21.6434,0.076308
937.0000,479.3440,21.6046,0.070395
938.0000,480.3379,21.4962,0.063373
939.0000,481.3230,21.3250,0.055836
940.0000,482.2970,21.0991,0.048264
941.0000,483.2590,20.8264,0.040970
942.0000,484.2091,20.5146,0.034125
943.0000,485.1479,20.1704,0.027798
944.0000,486.0769,19.8002,0.021979
945.0000,486.9975,19.4098,0.016625
946.0000,487.9114,19.0039,0.011678
947.0000,488.8205,18.5874,0.007067
948.0000,489.7267,18.1645,0.002722
949.0000,490.6317,17.7391,0.001333
950.0000,491.5372,17.3147,0.003805
951.0000,492.4443,16.8938,0.006117
952.0000,493.3540,16.4785,0.008421
953.0000,494.2671,16.0708,0.010750
954.0000,495.1845,15.6729,0.013133
955.0000,496.1071,15.2872,0.015597
956.0000,497.0356,14.9159,0.018169
957.0000,497.9707,14.5615,0.020873
958.0000,498.9130,14.2268,0.023730
959.0000,499.8629,13.9145,0.026758
960.0000,500.8209,13.6277,0.029966
961.0000,501.7870,13.3697,0.033356
962.0000,502.7612,13.1441,0.036916
963.0000,503.7430,12.9548,0.040614
964.0000,504.7317,12.8056,0.044394
