# FSAE course centreline, digitized from skidpad_autocross_2026.png
# source_md5=ba199c283f630d51bc19b72da9b0f615
# grid_px=12.000 grid_ft=25.0 m_per_px=0.63500  (AUTO-CALIBRATED from the sheet)
# length_m=674.0  closed=False  R_min_m=4.50
# slalom_spacings_verified=False
s_m,x_m,y_m,kappa_1perm
0.0000,215.4646,21.9096,0.055631
1.0000,216.2728,21.3210,0.057753
2.0000,217.1135,20.7798,0.058974
3.0000,217.9847,20.2891,0.059090
4.0000,218.8832,19.8505,0.057995
5.0000,219.8056,19.4645,0.055685
6.0000,220.7480,19.1305,0.052266
7.0000,221.7066,18.8462,0.047934
8.0000,222.6778,18.6080,0.042926
9.0000,223.6582,18.4117,0.037480
10.0000,224.6454,18.2523,0.031805
11.0000,225.6371,18.1243,0.026063
12.0000,226.6319,18.0222,0.020367
13.0000,227.6285,17.9404,0.014787
14.0000,228.6263,17.8733,0.009358
15.0000,229.6246,17.8156,0.004094
16.0000,230.6232,17.7620,0.001006
17.0000,231.6217,17.7074,0.005949
18.0000,232.6198,17.6469,0.010738
19.0000,233.6173,17.5757,0.015371
20.0000,234.6135,17.4891,0.019835
21.0000,235.6078,17.3829,0.023367
22.0000,236.5996,17.2545,0.018930
23.0000,237.5887,17.1074,0.014717
24.0000,238.5755,16.9458,0.010680
25.0000,239.5606,16.7735,0.006770
26.0000,240.5444,16.5947,0.002929
27.0000,241.5278,16.4129,0.000898
28.0000,242.5113,16.2320,0.004771
29.0000,243.4956,16.0559,0.008751
30.0000,244.4815,15.8884,0.012902
31.0000,245.4694,15.7336,0.017286
32.0000,246.4599,15.5959,0.021963
33.0000,247.4531,15.4801,0.026992
34.0000,248.4491,15.3911,0.032414
35.0000,249.4475,15.3346,0.038247
36.0000,250.4472,15.3162,0.044467
37.0000,251.4468,15.3424,0.050982
38.0000,252.4437,15.4194,0.057607
39.0000,253.4345,15.5537,0.064043
40.0000,254.4146,15.7510,0.069878
41.0000,255.3786,16.0162,0.074626
42.0000,256.3203,16.3520,0.070539
43.0000,257.2361,16.7532,0.060574
44.0000,258.1259,17.2092,0.051127
45.0000,258.9912,17.7102,0.042451
46.0000,259.8345,18.2476,0.034595
47.0000,260.6587,18.8138,0.027493
48.0000,261.4671,19.4024,0.021026
49.0000,262.2628,20.0081,0.015056
50.0000,263.0494,20.6256,0.009427
51.0000,263.8300,21.2505,0.003991
52.0000,264.6082,21.8786,0.001403
53.0000,265.3872,22.5056,0.006910
54.0000,266.1706,23.1271,0.012694
55.0000,266.9618,23.7386,0.018931
56.0000,267.7645,24.3350,0.025813
57.0000,268.5823,24.9104,0.033553
58.0000,269.4191,25.4579,0.042353
59.0000,270.2782,25.9694,0.052386
60.0000,271.1630,26.4352,0.063702
61.0000,272.0755,26.8436,0.076098
62.0000,273.0165,27.1812,0.088904
63.0000,273.9836,27.4343,0.100825
64.0000,274.9711,27.5885,0.109981
65.0000,275.9695,27.6342,0.114208
66.0000,276.9669,27.5682,0.100663
67.0000,277.9526,27.4021,0.088594
68.0000,278.9198,27.1493,0.078616
69.0000,279.8642,26.8213,0.070652
70.0000,280.7831,26.4273,0.064472
71.0000,281.6746,25.9745,0.059839
72.0000,282.5374,25.4693,0.056537
73.0000,283.3703,24.9162,0.054409
74.0000,284.1717,24.3182,0.053377
75.0000,284.9401,23.6785,0.053397
76.0000,285.6732,22.9985,0.054515
77.0000,286.3682,22.2797,0.050115
78.0000,287.0268,21.5273,0.038727
79.0000,287.6557,20.7499,0.026648
80.0000,288.2637,19.9560,0.013788
81.0000,288.8609,19.1538,0.000957
82.0000,289.4583,18.3519,0.015943
83.0000,290.0685,17.5597,0.034261
84.0000,290.7059,16.7892,0.056116
85.0000,291.3854,16.0559,0.082097
86.0000,292.1229,15.3811,0.111364
87.0000,292.9306,14.7927,0.139609
88.0000,293.8105,14.3193,0.132882
89.0000,294.7454,13.9661,0.113770
90.0000,295.7145,13.7213,0.094191
91.0000,296.7024,13.5687,0.076632
92.0000,297.6993,13.4924,0.061872
93.0000,298.6991,13.4783,0.049804
94.0000,299.6984,13.5141,0.039986
95.0000,300.6954,13.5901,0.031949
96.0000,301.6896,13.6978,0.025267
97.0000,302.6807,13.8308,0.019612
98.0000,303.6690,13.9832,0.014710
99.0000,304.6549,14.1503,0.010356
100.0000,305.6391,14.3275,0.006376
101.0000,306.6221,14.5110,0.002629
102.0000,307.6046,14.6971,0.001010
103.0000,308.5873,14.8823,0.004657
104.0000,309.5709,15.0628,0.008427
105.0000,310.5560,15.2350,0.012444
106.0000,311.5431,15.3949,0.016844
107.0000,312.5328,15.5382,0.021791
108.0000,313.5253,15.6597,0.026422
109.0000,314.5207,15.7558,0.025468
110.0000,315.5181,15.8264,0.024198
111.0000,316.5170,15.8729,0.022610
112.0000,317.5167,15.8969,0.020709
113.0000,318.5167,15.9002,0.018507
114.0000,319.5166,15.8849,0.016020
115.0000,320.5161,15.8537,0.013273
116.0000,321.5151,15.8093,0.010294
117.0000,322.5136,15.7545,0.007112
118.0000,323.5117,15.6927,0.003761
119.0000,324.5095,15.6272,0.000326
120.0000,325.5074,15.5614,0.003301
121.0000,326.5054,15.4988,0.006932
122.0000,327.5038,15.4432,0.010567
123.0000,328.5028,15.3982,0.014155
124.0000,329.5023,15.3673,0.017637
125.0000,330.5022,15.3540,0.020950
126.0000,331.5022,15.3616,0.024028
127.0000,332.5017,15.3932,0.026805
128.0000,333.4999,15.4516,0.027098
129.0000,334.4963,15.5362,0.019582
130.0000,335.4909,15.6403,0.012554
131.0000,336.4840,15.7569,0.005882
132.0000,337.4765,15.8794,0.000574
133.0000,338.4691,16.0013,0.006952
134.0000,339.4624,16.1163,0.013383
135.0000,340.4572,16.2179,0.019986
136.0000,341.4538,16.2997,0.026861
137.0000,342.4523,16.3546,0.034073
138.0000,343.4520,16.3755,0.041632
139.0000,344.4518,16.3561,0.035326
140.0000,345.4502,16.3014,0.024291
141.0000,346.4471,16.2226,0.012961
142.0000,347.4429,16.1308,0.001395
143.0000,348.4386,16.0379,0.010834
144.0000,349.4352,15.9557,0.023590
145.0000,350.4334,15.8971,0.037065
146.0000,351.4331,15.8757,0.051171
147.0000,352.4325,15.9055,0.065460
148.0000,353.4278,16.0002,0.078860
149.0000,354.4133,16.1686,0.060460
150.0000,355.3870,16.3959,0.041533
151.0000,356.3505,16.6636,0.023617
152.0000,357.3073,16.9542,0.006889
153.0000,358.2621,17.2513,0.008824
154.0000,359.2195,17.5401,0.023744
155.0000,360.1834,17.8062,0.037970
156.0000,361.1567,18.0354,0.051358
157.0000,362.1404,18.2146,0.063453
158.0000,363.1333,18.3312,0.073526
159.0000,364.1321,18.3749,0.073482
160.0000,365.1316,18.3466,0.054338
161.0000,366.1281,18.2642,0.038146
162.0000,367.1207,18.1434,0.024252
163.0000,368.1101,17.9985,0.011848
164.0000,369.0978,17.8418,0.000240
165.0000,370.0854,17.6850,0.011442
166.0000,371.0748,17.5396,0.023751
167.0000,372.0673,17.4177,0.037470
168.0000,373.0636,17.3333,0.053376
169.0000,374.0630,17.3024,0.072123
170.0000,375.0618,17.3434,0.088624
171.0000,376.0530,17.4729,0.109496
172.0000,377.0237,17.7105,0.137347
173.0000,377.9523,18.0788,0.171255
174.0000,378.8039,18.6000,0.185644
175.0000,379.5520,19.2622,0.112939
176.0000,380.2204,20.0057,0.082476
177.0000,380.8566,20.7772,0.068354
178.0000,381.5126,21.5317,0.101787
179.0000,382.2421,22.2144,0.166565
180.0000,383.0700,22.7734,0.148558
181.0000,383.9714,23.2045,0.121440
182.0000,384.9186,23.5235,0.093652
183.0000,385.8919,23.7518,0.076301
184.0000,386.8788,23.9120,0.086372
185.0000,387.8726,24.0227,0.087560
186.0000,388.8696,24.0997,0.079741
187.0000,389.8680,24.1562,0.063722
188.0000,390.8669,24.2034,0.041148
189.0000,391.8658,24.2503,0.014342
190.0000,392.8647,24.2978,0.013939
191.0000,393.8636,24.3437,0.040786
192.0000,394.8627,24.3857,0.063438
193.0000,395.8621,24.4217,0.079566
194.0000,396.8617,24.4495,0.087510
195.0000,397.8615,24.4669,0.086454
196.0000,398.8615,24.4714,0.076505
197.0000,399.8615,24.4606,0.058688
198.0000,400.8610,24.4317,0.034835
199.0000,401.8597,24.3818,0.024397
200.0000,402.8570,24.3076,0.028153
201.0000,403.8517,24.2051,0.046856
202.0000,404.8425,24.0705,0.068095
203.0000,405.8276,23.8990,0.082330
204.0000,406.8045,23.6855,0.088097
205.0000,407.7696,23.4243,0.084804
206.0000,408.7186,23.1094,0.072788
207.0000,409.6455,22.7346,0.072194
208.0000,410.5428,22.2937,0.080637
209.0000,411.4023,21.7833,0.071130
210.0000,412.2237,21.2131,0.049676
211.0000,413.0159,20.6029,0.052631
212.0000,413.7910,19.9712,0.072323
213.0000,414.5633,19.3358,0.084576
214.0000,415.3478,18.7159,0.088130
215.0000,416.1602,18.1330,0.082619
216.0000,417.0143,17.6136,0.107455
217.0000,417.9188,17.1886,0.136337
218.0000,418.8721,16.8897,0.154113
219.0000,419.8592,16.7351,0.124454
220.0000,420.8583,16.7046,0.094585
221.0000,421.8559,16.7692,0.071635
222.0000,422.8464,16.9054,0.054358
223.0000,423.8280,17.0955,0.041207
224.0000,424.8010,17.3263,0.030923
225.0000,425.7663,17.5871,0.022576
226.0000,426.7255,17.8698,0.015490
227.0000,427.6802,18.1673,0.009158
228.0000,428.6322,18.4737,0.003170
229.0000,429.5831,18.7830,0.001326
230.0000,430.5344,19.0913,0.003469
231.0000,431.4868,19.3963,0.005724
232.0000,432.4409,19.6958,0.008103
233.0000,433.3974,19.9875,0.010626
234.0000,434.3569,20.2690,0.013307
235.0000,435.3201,20.5377,0.016162
236.0000,436.2875,20.7908,0.019205
237.0000,437.2596,21.0254,0.022442
238.0000,438.2368,21.2380,0.025875
239.0000,439.2190,21.4251,0.029492
240.0000,440.2064,21.5833,0.033266
241.0000,441.1985,21.7085,0.037145
242.0000,442.1945,21.7968,0.041052
243.0000,443.1933,21.8441,0.044879
244.0000,444.1932,21.8467,0.048488
245.0000,445.1921,21.8008,0.051719
246.0000,446.1872,21.7032,0.054400
247.0000,447.1755,21.5518,0.056377
248.0000,448.1538,21.3451,0.057532
249.0000,449.1185,21.0825,0.057489
250.0000,450.0672,20.7665,0.046012
251.0000,451.0003,20.4070,0.035206
252.0000,451.9201,20.0148,0.025560
253.0000,452.8296,19.5991,0.016749
254.0000,453.7320,19.1683,0.008435
255.0000,454.6307,18.7298,0.000503
256.0000,455.5293,18.2911,0.008120
257.0000,456.4315,17.8597,0.017133
258.0000,457.3410,17.4439,0.027240
259.0000,458.2614,17.0533,0.038990
260.0000,459.1965,16.6989,0.052995
261.0000,460.1490,16.3949,0.069542
262.0000,461.1198,16.1561,0.074739
263.0000,462.1057,15.9902,0.078145
264.0000,463.1015,15.9017,0.079401
265.0000,464.1012,15.8922,0.078272
266.0000,465.0986,15.9606,0.074915
267.0000,466.0881,16.1036,0.069808
268.0000,467.0653,16.3150,0.063610
269.0000,468.0271,16.5882,0.056953
270.0000,468.9719,16.9156,0.050337
271.0000,469.8989,17.2902,0.043020
272.0000,470.8096,17.7032,0.028187
273.0000,471.7082,18.1420,0.016071
274.0000,472.5995,18.5953,0.005530
275.0000,473.4883,19.0536,0.004314
276.0000,474.3791,19.5080,0.014196
277.0000,475.2763,19.9497,0.024822
278.0000,476.1841,20.3688,0.036963
279.0000,477.1069,20.7541,0.051500
280.0000,478.0483,21.0908,0.069479
281.0000,479.0108,21.3610,0.091799
282.0000,479.9939,21.5418,0.118515
283.0000,480.9911,21.6059,0.124254
284.0000,481.9888,21.5472,0.111850
285.0000,482.9739,21.3777,0.094932
286.0000,483.9386,21.1157,0.076803
287.0000,484.8805,20.7804,0.059551
288.0000,485.8008,20.3893,0.044034
289.0000,486.7029,19.9580,0.030306
290.0000,487.5916,19.4995,0.018067
291.0000,488.4717,19.0249,0.006896
292.0000,489.3486,18.5441,0.003636
293.0000,490.2272,18.0665,0.011015
294.0000,491.1107,17.5982,0.011985
295.0000,491.9998,17.1405,0.012982
296.0000,492.8948,16.6943,0.014011
297.0000,493.7959,16.2607,0.015075
298.0000,494.7034,15.8408,0.016178
299.0000,495.6176,15.4357,0.017326
300.0000,496.5388,15.0464,0.018520
301.0000,497.4669,14.6742,0.019763
302.0000,498.4022,14.3205,0.021056
303.0000,499.3448,13.9865,0.022401
304.0000,500.2946,13.6738,0.023794
305.0000,501.2516,13.3837,0.025234
306.0000,502.2156,13.1179,0.026716
307.0000,503.1863,12.8780,0.028230
308.0000,504.1635,12.6655,0.029767
309.0000,505.1465,12.4822,0.031313
310.0000,506.1348,12.3298,0.032849
311.0000,507.1275,12.2099,0.034354
312.0000,508.1238,12.1242,0.035803
313.0000,509.1225,12.0742,0.037169
314.0000,510.1223,12.0613,0.038421
315.0000,511.1219,12.0866,0.037018
316.0000,512.1199,12.1489,0.034184
317.0000,513.1152,12.2453,0.031378
318.0000,514.1070,12.3728,0.028632
319.0000,515.0948,12.5287,0.025969
320.0000,516.0781,12.7102,0.023401
321.0000,517.0570,12.9147,0.020932
322.0000,518.0313,13.1396,0.018559
323.0000,519.0013,13.3826,0.016276
324.0000,519.9673,13.6413,0.014071
325.0000,520.9295,13.9136,0.011932
326.0000,521.8884,14.1974,0.009843
327.0000,522.8444,14.4906,0.007788
328.0000,523.7982,14.7913,0.005747
329.0000,524.7502,15.0974,0.003700
330.0000,525.7010,15.4070,0.001626
331.0000,526.6514,15.7182,0.000500
332.0000,527.6019,16.0289,0.002706
333.0000,528.5532,16.3370,0.005020
334.0000,529.5061,16.6403,0.007478
335.0000,530.4612,16.9365,0.010117
336.0000,531.4193,17.2230,0.011589
337.0000,532.3806,17.4986,0.011078
338.0000,533.3449,17.7634,0.010361
339.0000,534.3118,18.0183,0.009463
340.0000,535.2812,18.2640,0.008422
341.0000,536.2526,18.5016,0.007283
342.0000,537.2256,18.7320,0.006096
343.0000,538.2001,18.9566,0.004910
344.0000,539.1756,19.1763,0.003766
345.0000,540.1520,19.3924,0.002696
346.0000,541.1290,19.6059,0.000903
347.0000,542.1058,19.8197,0.008705
348.0000,543.0808,20.0421,0.017753
349.0000,544.0516,20.2817,0.027751
350.0000,545.0153,20.5485,0.039910
351.0000,545.9675,20.8537,0.055866
352.0000,546.9009,21.2121,0.078159
353.0000,547.8029,21.6429,0.110684
354.0000,548.6509,22.1715,0.158262
355.0000,549.4034,22.8277,0.219219
356.0000,549.9941,23.6313,0.222222
357.0000,550.3567,24.5604,0.202786
358.0000,550.5245,25.5452,0.117516
359.0000,550.5734,26.5437,0.059150
360.0000,550.5618,27.5435,0.018610
361.0000,550.5307,28.5431,0.013047
362.0000,550.5125,29.5429,0.041469
363.0000,550.5358,30.5425,0.069936
364.0000,550.6290,31.5378,0.099680
365.0000,550.8206,32.5187,0.129067
366.0000,551.1362,33.4667,0.152548
367.0000,551.5853,34.3593,0.119558
368.0000,552.1376,35.1924,0.089018
369.0000,552.7627,35.9726,0.064955
370.0000,553.4374,36.7105,0.046050
371.0000,554.1456,37.4164,0.030621
372.0000,554.8752,38.1002,0.017148
373.0000,555.6165,38.7714,0.004250
374.0000,556.3606,39.4395,0.009540
375.0000,557.0981,40.1148,0.026166
376.0000,557.8174,40.8094,0.048734
377.0000,558.5011,41.5389,0.083164
378.0000,559.1204,42.3235,0.140625
379.0000,559.6199,43.1881,0.222222
380.0000,559.8984,44.1445,0.222222
381.0000,559.8535,45.1390,0.222222
382.0000,559.5233,46.0800,0.215811
383.0000,558.9971,46.9287,0.158085
384.0000,558.3417,47.6829,0.122352
385.0000,557.5985,48.3511,0.101115
386.0000,556.7910,48.9403,0.089096
387.0000,555.9340,49.4550,0.083352
388.0000,555.0369,49.8961,0.082527
389.0000,554.1063,50.2614,0.086259
390.0000,553.1477,50.5449,0.094521
391.0000,552.1671,50.7395,0.084896
392.0000,551.1736,50.8504,0.071219
393.0000,550.1745,50.8905,0.055465
394.0000,549.1748,50.8752,0.039251
395.0000,548.1763,50.8208,0.023555
396.0000,547.1793,50.7427,0.008813
397.0000,546.1831,50.6558,0.004846
398.0000,545.1865,50.5736,0.017429
399.0000,544.1887,50.5087,0.028909
400.0000,543.1894,50.4725,0.039152
401.0000,542.1894,50.4730,0.028423
402.0000,541.1899,50.5019,0.015482
403.0000,540.1908,50.5464,0.003337
404.0000,539.1920,50.5943,0.008925
405.0000,538.1928,50.6331,0.022298
406.0000,537.1929,50.6495,0.037953
407.0000,536.1933,50.6275,0.057427
408.0000,535.1966,50.5479,0.082540
409.0000,534.2103,50.3858,0.114959
410.0000,533.2496,50.1109,0.153796
411.0000,532.3423,49.6934,0.167770
412.0000,531.5158,49.1323,0.141421
413.0000,530.7762,48.4602,0.110572
414.0000,530.1152,47.7104,0.082274
415.0000,529.5183,46.9083,0.058660
416.0000,528.9697,46.0724,0.039310
417.0000,528.4546,45.2153,0.023042
418.0000,527.9594,44.3465,0.008643
419.0000,527.4718,43.4734,0.004981
420.0000,526.9799,42.6028,0.018855
421.0000,526.4716,41.7417,0.033986
422.0000,525.9342,40.8985,0.051449
423.0000,525.3541,40.0841,0.065015
424.0000,524.7226,39.3090,0.072401
425.0000,524.0367,38.5816,0.081660
426.0000,523.2935,37.9131,0.093067
427.0000,522.4916,37.3163,0.106639
428.0000,521.6305,36.8088,0.121875
429.0000,520.7144,36.4097,0.137193
430.0000,519.7525,36.1394,0.149696
431.0000,518.7613,36.0151,0.155794
432.0000,517.7627,36.0454,0.153147
433.0000,516.7803,36.2271,0.135289
434.0000,515.8304,36.5379,0.098274
435.0000,514.9157,36.9413,0.070396
436.0000,514.0317,37.4085,0.049774
437.0000,513.1722,37.9195,0.034160
438.0000,512.3309,38.4599,0.021795
439.0000,511.5015,39.0185,0.011407
440.0000,510.6786,39.5867,0.002082
441.0000,509.8569,40.1566,0.006907
442.0000,509.0312,40.7208,0.016224
443.0000,508.1966,41.2715,0.026547
444.0000,507.3474,41.7996,0.038705
445.0000,506.4785,42.2945,0.052201
446.0000,505.5855,42.7441,0.057092
447.0000,504.6683,43.1421,0.062130
448.0000,503.7282,43.4825,0.067108
449.0000,502.7674,43.7591,0.071742
450.0000,501.7893,43.9660,0.075680
451.0000,500.7984,44.0985,0.078565
452.0000,499.8001,44.1531,0.080089
453.0000,498.8007,44.1275,0.080072
454.0000,497.8065,44.0225,0.078520
455.0000,496.8236,43.8396,0.075608
456.0000,495.8569,43.5848,0.061196
457.0000,494.9075,43.2712,0.046924
458.0000,493.9738,42.9131,0.034238
459.0000,493.0530,42.5231,0.022980
460.0000,492.1414,42.1121,0.012858
461.0000,491.2352,41.6892,0.003542
462.0000,490.3305,41.2632,0.005282
463.0000,489.4236,40.8419,0.013889
464.0000,488.5110,40.4332,0.022508
465.0000,487.5893,40.0452,0.031318
466.0000,486.6560,39.6864,0.040414
467.0000,485.7091,39.3652,0.045699
468.0000,484.7485,39.0876,0.048285
469.0000,483.7756,38.8568,0.051184
470.0000,482.7921,38.6761,0.054365
471.0000,481.8004,38.5491,0.057778
472.0000,480.8030,38.4795,0.061341
473.0000,479.8032,38.4712,0.064934
474.0000,478.8050,38.5278,0.068394
475.0000,477.8129,38.6524,0.071518
476.0000,476.8324,38.8477,0.074080
477.0000,475.8690,39.1148,0.068496
478.0000,474.9258,39.4466,0.053112
479.0000,474.0015,39.8280,0.038764
480.0000,473.0927,40.2451,0.025470
481.0000,472.1948,40.6853,0.012951
482.0000,471.3027,41.1371,0.001204
483.0000,470.4109,41.5896,0.011561
484.0000,469.5140,42.0317,0.024574
485.0000,468.6064,42.4515,0.038779
486.0000,467.6833,42.8357,0.054587
487.0000,466.7405,43.1688,0.072101
488.0000,465.7764,43.4329,0.087440
489.0000,464.7933,43.6146,0.080980
490.0000,463.7988,43.7163,0.072733
491.0000,462.7994,43.7455,0.063594
492.0000,461.8001,43.7112,0.054279
493.0000,460.8042,43.6227,0.045253
494.0000,459.8132,43.4892,0.036747
495.0000,458.8278,43.3192,0.028823
496.0000,457.8477,43.1210,0.021436
497.0000,456.8720,42.9017,0.014484
498.0000,455.8996,42.6683,0.007831
499.0000,454.9291,42.4273,0.001330
500.0000,453.9589,42.1849,0.005177
501.0000,452.9875,41.9477,0.011851
502.0000,452.0133,41.7219,0.018853
503.0000,451.0351,41.5146,0.026339
504.0000,450.0517,41.3332,0.034448
505.0000,449.0627,41.1858,0.043272
506.0000,448.0682,41.0814,0.052807
507.0000,447.0697,41.0298,0.062885
508.0000,446.0700,41.0411,0.073071
509.0000,445.0737,41.1243,0.071824
510.0000,444.0859,41.2785,0.064616
511.0000,443.1100,41.4962,0.056824
512.0000,442.1481,41.7691,0.048942
513.0000,441.2006,42.0887,0.041294
514.0000,440.2671,42.4471,0.034050
515.0000,439.3464,42.8372,0.027269
516.0000,438.4366,43.2523,0.020936
517.0000,437.5358,43.6863,0.014989
518.0000,436.6415,44.1338,0.009347
519.0000,435.7515,44.5897,0.003917
520.0000,434.8632,45.0491,0.001397
521.0000,433.9743,45.5073,0.006691
522.0000,433.0824,45.9595,0.012058
523.0000,432.1851,46.4008,0.017582
524.0000,431.2802,46.8264,0.023339
525.0000,430.3656,47.2307,0.029385
526.0000,429.4395,47.6078,0.035745
527.0000,428.5005,47.9516,0.042396
528.0000,427.5478,48.2553,0.049241
529.0000,426.5814,48.5118,0.056090
530.0000,425.6022,48.7137,0.062637
531.0000,424.6123,48.8544,0.060748
532.0000,423.6157,48.9349,0.053660
533.0000,422.6161,48.9619,0.046545
534.0000,421.6164,48.9422,0.039649
535.0000,420.6182,48.8830,0.033100
536.0000,419.6225,48.7906,0.026939
537.0000,418.6297,48.6715,0.021148
538.0000,417.6395,48.5315,0.015676
539.0000,416.6517,48.3759,0.010449
540.0000,415.6656,48.2099,0.005385
541.0000,414.6804,48.0387,0.000459
542.0000,413.6952,47.8670,0.004621
543.0000,412.7093,47.7000,0.009751
544.0000,411.7217,47.5425,0.015095
545.0000,410.7319,47.4001,0.020745
546.0000,409.7394,47.2782,0.026788
547.0000,408.7440,47.1830,0.033295
548.0000,407.7460,47.1210,0.040298
549.0000,406.7463,47.0993,0.047771
550.0000,405.7468,47.1254,0.055584
551.0000,404.7503,47.2070,0.059732
552.0000,403.7600,47.3454,0.042797
553.0000,402.7765,47.5259,0.025301
554.0000,401.7978,47.7313,0.007566
555.0000,400.8207,47.9441,0.010461
556.0000,399.8415,48.1466,0.028954
557.0000,398.8568,48.3207,0.047927
558.0000,397.8650,48.4474,0.066899
559.0000,396.8670,48.5075,0.084567
560.0000,395.8677,48.4834,0.098786
561.0000,394.8755,48.3620,0.088270
562.0000,393.8974,48.1549,0.051838
563.0000,392.9314,47.8968,0.021103
564.0000,391.9710,47.6182,0.007181
565.0000,391.0086,47.3467,0.036455
566.0000,390.0369,47.1107,0.070185
567.0000,389.0519,46.9397,0.073792
568.0000,388.0569,46.8415,0.068865
569.0000,387.0576,46.8118,0.061113
570.0000,386.0582,46.8429,0.051558
571.0000,385.0617,46.9254,0.041290
572.0000,384.0694,47.0489,0.029140
573.0000,383.0811,47.2013,0.017890
574.0000,382.0957,47.3715,0.007745
575.0000,381.1117,47.5494,0.001758
576.0000,380.1273,47.7255,0.011033
577.0000,379.1411,47.8908,0.020451
578.0000,378.1516,48.0358,0.030347
579.0000,377.1583,48.1506,0.040994
580.0000,376.1612,48.2246,0.052567
581.0000,375.1615,48.2461,0.065039
582.0000,374.1627,48.2031,0.067986
583.0000,373.1690,48.0925,0.062806
584.0000,372.1841,47.9199,0.056849
585.0000,371.2106,47.6917,0.050498
586.0000,370.2499,47.4146,0.044057
587.0000,369.3023,47.0954,0.037731
588.0000,368.3674,46.7406,0.031637
589.0000,367.4442,46.3564,0.025818
590.0000,366.5311,45.9486,0.020270
591.0000,365.6266,45.5223,0.014952
592.0000,364.7285,45.0825,0.009804
593.0000,363.8347,44.6339,0.004528
594.0000,362.9430,44.1813,0.000798
595.0000,362.0510,43.7294,0.006199
596.0000,361.1561,43.2831,0.011761
597.0000,360.2561,42.8473,0.017570
598.0000,359.3485,42.4274,0.023704
599.0000,358.4312,42.0292,0.030223
600.0000,357.5024,41.6589,0.037152
601.0000,356.5604,41.3235,0.044457
602.0000,355.6044,41.0302,0.052012
603.0000,354.6346,40.7871,0.059564
604.0000,353.6521,40.6018,0.060326
605.0000,352.6602,40.4757,0.055502
606.0000,351.6628,40.4048,0.050291
607.0000,350.6631,40.3843,0.044947
608.0000,349.6635,40.4086,0.039656
609.0000,348.6656,40.4726,0.034541
610.0000,347.6705,40.5710,0.029668
611.0000,346.6788,40.6990,0.025063
612.0000,345.6905,40.8517,0.020721
613.0000,344.7057,41.0249,0.016619
614.0000,343.7238,41.2145,0.011590
615.0000,342.7442,41.4153,0.005465
616.0000,341.7657,41.6216,0.000506
617.0000,340.7871,41.8273,0.006396
618.0000,339.8072,42.0268,0.012272
619.0000,338.8249,42.2142,0.018190
620.0000,337.8394,42.3837,0.024186
621.0000,336.8501,42.5294,0.030264
622.0000,335.8568,42.6450,0.036389
623.0000,334.8601,42.7243,0.042469
624.0000,333.8608,42.7613,0.046108
625.0000,332.8609,42.7536,0.039169
626.0000,331.8621,42.7066,0.032270
627.0000,330.8653,42.6274,0.025532
628.0000,329.8708,42.5227,0.019000
629.0000,328.8785,42.3992,0.012666
630.0000,327.8878,42.2631,0.006492
631.0000,326.8980,42.1205,0.000615
632.0000,325.9083,41.9776,0.005632
633.0000,324.9177,41.8402,0.011720
634.0000,323.9257,41.7145,0.017696
635.0000,322.9317,41.6054,0.017490
636.0000,321.9359,41.5138,0.016954
637.0000,320.9387,41.4390,0.016397
638.0000,319.9404,41.3805,0.015823
639.0000,318.9413,41.3380,0.015233
640.0000,317.9417,41.3106,0.014632
641.0000,316.9418,41.2978,0.014020
642.0000,315.9418,41.2991,0.013401
643.0000,314.9419,41.3138,0.012775
644.0000,313.9423,41.3412,0.012146
645.0000,312.9431,41.3808,0.011513
646.0000,311.9444,41.4319,0.010878
647.0000,310.9463,41.4938,0.010242
648.0000,309.9490,41.5660,0.009607
649.0000,308.9523,41.6477,0.008971
650.0000,307.9564,41.7384,0.008337
651.0000,306.9613,41.8374,0.007703
652.0000,305.9670,41.9440,0.007070
653.0000,304.9735,42.0576,0.006438
654.0000,303.9808,42.1777,0.005807
655.0000,302.9887,42.3035,0.005176
656.0000,301.9973,42.4345,0.004544
657.0000,301.0065,42.5699,0.003912
658.0000,300.0163,42.7093,0.003278
659.0000,299.0265,42.8518,0.002641
660.0000,298.0371,42.9970,0.002001
661.0000,297.0480,43.1442,0.001357
662.0000,296.0591,43.2927,0.000707
663.0000,295.0703,43.4419,0.000052
664.0000,294.0815,43.5912,0.000613
665.0000,293.0926,43.7398,0.001285
666.0000,292.1035,43.8872,0.001968
667.0000,291.1141,44.0326,0.002661
668.0000,290.1244,44.1754,0.003367
669.0000,289.1342,44.3149,0.004087
670.0000,288.1434,44.4503,0.004822
671.0000,287.1519,44.5809,0.005573
672.0000,286.1598,44.7060,0.006341
673.0000,285.1669,44.8248,0.007128
674.0000,284.1732,44.9366,0.007934
